Explicit URL,Type,Published,Is featured?,Visibility in catalog,Tax status,In stock?,Backorders allowed?,Sold individually?,Allow customer reviews?,Parent,Name,Regular price,Stock,url,Images,Description,SKU,Categories

https://jp.mercari.com/item/m26789953696,"simple",1,0,visible,taxable,1,0,0,1,,Nintendo Switch Ring Fit Set with peach iron,418.2 EUR,,https://jp.mercari.com/item/m26789953696,"https://static.mercdn.net/item/detail/orig/photos/m26789953696_1.jpg,https://static.mercdn.net/item/detail/orig/photos/m26789953696_2.jpg,https://static.mercdn.net/item/detail/orig/photos/m26789953696_3.jpg,https://static.mercdn.net/item/detail/orig/photos/m26789953696_4.jpg","Nintendo Switch Nintendo Switch Joy-Con Neon Blue/Neon Red

color: Black
Game machine body type: Nintendo Switch
Portable / stationary type: stationary type

#Nintendo
#Nintendo
#Ring fit
#Momotaro Electric Railway
",26789953696,Consolas y videojuegos>Consolas y videojuegoshttps://jp.mercari.com/item/m51756104637,simple,1,0,visible,taxable,1,0,0,1,,Super Mario Party Nintendo Switch,35.7 EUR,,https://jp.mercari.com/item/m51756104637,"https://static.mercdn.net/item/detail/orig/photos/m51756104637_1.jpg,https://static.mercdn.net/item/detail/orig/photos/m51756104637_2.jpg,https://static.mercdn.net/item/detail/orig/photos/m51756104637_3.jpg","The operation has been confirmed.
The package has some feeling of use, but there is no crack in the case.",51756104637,Consolas y videojuegos>Consolas y videojuegos

https://jp.mercari.com/item/m93878867868,simple,1,0,visible,taxable,1,0,0,1,,Nintendo NEW2DSLL Hagure Metal Edition,193.8 EUR,,https://jp.mercari.com/item/m93878867868,"https://static.mercdn.net/item/detail/orig/photos/m93878867868_1.jpg,https://static.mercdn.net/item/detail/orig/photos/m93878867868_2.jpg,https://static.mercdn.net/item/detail/orig/photos/m93878867868_3.jpg,https://static.mercdn.net/item/detail/orig/photos/m93878867868_4.jpg,https://static.mercdn.net/item/detail/orig/photos/m93878867868_5.jpg","Thank you very much for seeing it.

Nintendo NEW2DSLL
Handling metal edition
It is the body + software.

* There is no touch pen, memory card or charging adapter.

6th photo
There is a little crack around the power button.

Operation, voice confirmed
(We have not confirmed long play)

There are fine scratches on the body
It is hard to see in the photo.
If you are worried, please do not hesitate to comment on it from a different angle.

Only those who can understand that they are used goods
Please consider purchasing.

We will pack it carefully using a cushioning material and ship it with a BOX exclusively for Yu -Packet Plus.

Thank you.",93878867868,Consolas y videojuegos>Consolas y videojuegos

https://jp.mercari.com/item/m17827451742,simple,1,0,visible,taxable,1,0,0,1,,Doraemon Nobita's New Dinosaur Switch Nintendo Switch,30.6 EUR,,https://jp.mercari.com/item/m17827451742,"https://static.mercdn.net/item/detail/orig/photos/m17827451742_1.jpg,https://static.mercdn.net/item/detail/orig/photos/m17827451742_2.jpg,https://static.mercdn.net/item/detail/orig/photos/m17827451742_3.jpg,https://static.mercdn.net/item/detail/orig/photos/m17827451742_4.jpg","The operation has been confirmed ☆

It will be used goods that children played (^^)
Please understand in advance for fine scratches.



'Doraemon Nobita's new dinosaur'
Price: ¥ 5980

#Game #Adventure #nintendoswitch #nintendo_switch #Switch ",17827451742,Consolas y videojuegos>Consolas y videojuegos

https://jp.mercari.com/item/m76659885501,simple,1,0,visible,taxable,1,0,0,1,,Nintendo Switch NINTENDO SWITCH LITE グ…,193.79 EUR,,https://jp.mercari.com/item/m76659885501,"https://static.mercdn.net/item/detail/orig/photos/m76659885501_1.jpg,https://static.mercdn.net/item/detail/orig/photos/m76659885501_2.jpg,https://static.mercdn.net/item/detail/orig/photos/m76659885501_3.jpg,https://static.mercdn.net/item/detail/orig/photos/m76659885501_4.jpg,https://static.mercdn.net/item/detail/orig/photos/m76659885501_5.jpg","Nintendo Switch Nintendo Switch Lite Gray

Contents Switch light body, box, AC adapter
With screen filling, with body cover

I used it.There is some feeling of use.
There is no defect such as a defect.

Since it is home management, we will refrain from purchasing more nervous people.

Immediate purchase 〇

Color: Gray
Game machine body type: Nintendo Switch
Portable / stationary type: Portable type

#Nintendo
#Nintendo",76659885501,Consolas y videojuegos>Consolas y videojuegos

https://jp.mercari.com/item/m53738552739,simple,1,0,visible,taxable,1,0,0,1,,Nintendo 3DS White Nintendo Soft Set,147.9 EUR,,https://jp.mercari.com/item/m53738552739,"https://static.mercdn.net/item/detail/orig/photos/m53738552739_1.jpg,https://static.mercdn.net/item/detail/orig/photos/m53738552739_2.jpg,https://static.mercdn.net/item/detail/orig/photos/m53738552739_3.jpg,https://static.mercdn.net/item/detail/orig/photos/m53738552739_4.jpg,https://static.mercdn.net/item/detail/orig/photos/m53738552739_5.jpg","It is a soft set of Nintendo3DS ^^

There was no problem with all software and the main unit, but the battery part on the back of the main unit is probably a little exciting.(See 6th piece)
In addition, there is a little screen burn, but I do not mind because there is a color on the screen while playing.(See 7-8 sheets)

The main unit and software will be shipped after initializing.
If you have any other questions, please do not hesitate to do it ^^

Bundled content
・ 3DS body
・ Charger
・ Store charger
・ Animal Crossing New Leaf
・ Super Mario 3D Land
・ Pokemon X
・ Pokemon Alpha Sapphire
・ Pokemon Black 2
・ Pokemon Sun
・ Pokemon Heart Gold ",53738552739,Consolas y videojuegos>Consolas y videojuegos

https://jp.mercari.com/item/m86968175342,simple,1,0,visible,taxable,1,0,0,1,,Nintendo Switch Lite Turquoise Beauty,210.12 EUR,,https://jp.mercari.com/item/m86968175342,"https://static.mercdn.net/item/detail/orig/photos/m86968175342_1.jpg,https://static.mercdn.net/item/detail/orig/photos/m86968175342_2.jpg,https://static.mercdn.net/item/detail/orig/photos/m86968175342_3.jpg,https://static.mercdn.net/item/detail/orig/photos/m86968175342_4.jpg,https://static.mercdn.net/item/detail/orig/photos/m86968175342_5.jpg","Thank you for watching.



It is a beautiful product without any noticeable scratches or dirt.

There is no malfunction.

A protective seal is attached to the LCD screen.



The attached items

1. Charger

2. Switch light body protection case

3. Purchased for switch lights

Turquoise color grip case (unused items)

It will be.



Please note that there is no box on the switch light body.

Please feel free to comment if you have any questions.



#Nintendo

#Nintendo ",86968175342,Consolas y videojuegos>Consolas y videojuegos

https://jp.mercari.com/item/m42831502081,simple,1,0,visible,taxable,1,0,0,1,,Set of 4 Nintendo 64 Controller New unopened,326.4 EUR,,https://jp.mercari.com/item/m42831502081,"https://static.mercdn.net/item/detail/orig/photos/m42831502081_1.jpg,https://static.mercdn.net/item/detail/orig/photos/m42831502081_2.jpg,https://static.mercdn.net/item/detail/orig/photos/m42831502081_3.jpg","✨ I will ship within 24 hours ✨
Thank you for watching.
Immediate purchase is welcome without comments.
* Price reduction is not possible.

Set of 4 Nintendo 64 Controller New unopened

'Nintendo 64 Nintendo Switch Online' is played at the time ...

This is a controller exclusively for 'Nintendo 64 Nintendo Switch Online'.

・ Because the composition of the joy-con attached to the Nintendo Switch itself is different, it is not possible to play software other than 'Nintendo 64 Nintendo Switch Online'.
・ It can be connected wirelessly with Nintendo Switch and can be charged with the same USB Type-C as Nintendo Switch.
・ This product is equipped with a vibration function. Peripherals such as vibration packs cannot be connected.
・ To use this product, you need to update the body of Nintendo Switch and Nintendo Switch Lite.

○ Set contents
・ Nintendo 64 Controller: 1 piece x 4
・ USB cable: 1 x 4

Nintendo Switch Joy-Con (L)/(R) Neon Red x Blue
Nintendo Switch Joy-Con (L)/(R) Gray
Nintendo Switch Fort Night Mario Red
Animal Crossing Tsum Tsum Festival
Splatoon Dragon Quest Final Fantasy Organic EL White Panda",42831502081,Consolas y videojuegos>Consolas y videojuegos

https://jp.mercari.com/item/m90915328444,simple,1,0,visible,taxable,1,0,0,1,,Nintendo Switch Atsume Animal Crossing Set bundled version,602.82 EUR,,https://jp.mercari.com/item/m90915328444,https://static.mercdn.net/item/detail/orig/photos/m90915328444_1.jpg,"This will be a new and unused Nintendo Switch, Animal Crossing Set.

With one year warranty!

Please note that complaints and returns are not accepted to prevent replacement.


set content

'Atsumare Animal Crossing'
The download version is included.

・ Nintendo Switch body (special design)
・ Nintendo Switch dock (special design)
・ JOY-CON ™ (L)/(R) (Special color)
・ JOY-CON strap (special design)
・ JOY-CON grip
・ Nintendo Switch AC adapter
・ High speed HDMI cable
・ Safety guide


#Nintendo
#Nintendo
#TV Game #Nintendo #nintendo #Nintendo #nintendo #Switch #Switch #Switch#Switch body#Switch light body#Lite #Lite #Lite #Atsume Animalomore Mori#Atsushi #Nagoru no Mori#Animal Mori #Domori #Atsumori Set#Atsumi Set#Nintendo Switch#Nintendo Switch body",90915328444,Consolas y videojuegos>Consolas y videojuegos

https://jp.mercari.com/item/m76659885501,simple,1,0,visible,taxable,1,0,0,1,,Nintendo Switch NINTENDO SWITCH LITE グ…,193.79 EUR,,https://jp.mercari.com/item/m76659885501,"https://static.mercdn.net/item/detail/orig/photos/m76659885501_1.jpg,https://static.mercdn.net/item/detail/orig/photos/m76659885501_2.jpg,https://static.mercdn.net/item/detail/orig/photos/m76659885501_3.jpg,https://static.mercdn.net/item/detail/orig/photos/m76659885501_4.jpg,https://static.mercdn.net/item/detail/orig/photos/m76659885501_5.jpg","Nintendo Switch Nintendo Switch Lite Gray

Contents Switch light body, box, AC adapter
With screen filling, with body cover

I used it.There is some feeling of use.
There is no defect such as a defect.

Since it is home management, we will refrain from purchasing more nervous people.

Immediate purchase 〇

Color: Gray
Game machine body type: Nintendo Switch
Portable / stationary type: Portable type

#Nintendo
#Nintendo ",76659885501,Consolas y videojuegos>Consolas y videojuegos

https://jp.mercari.com/item/m53738552739,simple,1,0,visible,taxable,1,0,0,1,,Nintendo 3DS White Nintendo Soft Set,147.9 EUR,,https://jp.mercari.com/item/m53738552739,"https://static.mercdn.net/item/detail/orig/photos/m53738552739_1.jpg,https://static.mercdn.net/item/detail/orig/photos/m53738552739_2.jpg,https://static.mercdn.net/item/detail/orig/photos/m53738552739_3.jpg,https://static.mercdn.net/item/detail/orig/photos/m53738552739_4.jpg,https://static.mercdn.net/item/detail/orig/photos/m53738552739_5.jpg","It is a soft set of Nintendo3DS ^^

There was no problem with all software and the main unit, but the battery part on the back of the main unit is probably a little exciting.(See 6th piece)
In addition, there is a little screen burn, but I do not mind because there is a color on the screen while playing.(See 7-8 sheets)

The main unit and software will be shipped after initializing.
If you have any other questions, please do not hesitate to do it ^^

Bundled content
・ 3DS body
・ Charger
・ Store charger
・ Animal Crossing New Leaf
・ Super Mario 3D Land
・ Pokemon X
・ Pokemon Alpha Sapphire
・ Pokemon Black 2
・ Pokemon Sun
・ Pokemon Heart Gold ",53738552739,Consolas y videojuegos>Consolas y videojuegos

https://jp.mercari.com/item/m86968175342,simple,1,0,visible,taxable,1,0,0,1,,Nintendo Switch Lite Turquoise Beauty,210.12 EUR,,https://jp.mercari.com/item/m86968175342,"https://static.mercdn.net/item/detail/orig/photos/m86968175342_1.jpg,https://static.mercdn.net/item/detail/orig/photos/m86968175342_2.jpg,https://static.mercdn.net/item/detail/orig/photos/m86968175342_3.jpg,https://static.mercdn.net/item/detail/orig/photos/m86968175342_4.jpg,https://static.mercdn.net/item/detail/orig/photos/m86968175342_5.jpg","Thank you for watching.



It is a beautiful product without any noticeable scratches or dirt.

There is no malfunction.

A protective seal is attached to the LCD screen.



The attached items

1. Charger

2. Switch light body protection case

3. Purchased for switch lights

Turquoise color grip case (unused items)

It will be.



Please note that there is no box on the switch light body.

Please feel free to comment if you have any questions.



#Nintendo

#Nintendo ",86968175342,Consolas y videojuegos>Consolas y videojuegos

https://jp.mercari.com/item/m36591971255,simple,1,0,visible,taxable,1,0,0,1,,Nintendo Nintendo Switch Lite Pokemon Dialga Palkia,306.0 EUR,,https://jp.mercari.com/item/m36591971255,"https://static.mercdn.net/item/detail/orig/photos/m36591971255_1.jpg,https://static.mercdn.net/item/detail/orig/photos/m36591971255_2.jpg,https://static.mercdn.net/item/detail/orig/photos/m36591971255_3.jpg,https://static.mercdn.net/item/detail/orig/photos/m36591971255_4.jpg","Nintendo Nintendo Switch Lite Dialga Palkia HDH-S-VAZAA

We purchased at Rakuten.
Since the use is gone, it will be exhibited.
There is no comment Immediate purchase OK.


Condition: New / Unopened goods
Product content: body (black)
                    AC adapter
                    Safety guide

'Nintendo Switch Lite Dialga Palkia' uses a black button for the first metallic gray body in 'Nintendo Switch Lite', and the legendary Pokemon 'Dialga' and 'Parcia' are on the back. It is drawn with a golden line art.


* Notes
・ Please refrain from returning goods to prevent replacement.
・ For the initial failure of new unopened items, please contact the manufacturer directly.

#Nintendo
#Nintendo Switch Light
#Nintendo
#Switch
#switch
#Light
#Dialga
#Palkia
#Rise
#Procon
#Pokemon ",36591971255,Consolas y videojuegos>Consolas y videojuegos

https://jp.mercari.com/item/m69551346405,simple,1,0,visible,taxable,1,0,0,1,,Nintendo GAMEBOY ADVANCE OXY-S-GA,816.0 EUR,,https://jp.mercari.com/item/m69551346405,"https://static.mercdn.net/item/detail/orig/photos/m69551346405_1.jpg,https://static.mercdn.net/item/detail/orig/photos/m69551346405_2.jpg","Nintendo Gameboy Advance OXY-S-GA

Game aircraft body type: Gameboy Advance
Portable / stationary type: Portable type

#Nintendo
#Nintendo
#Famic Conversion
#New unused ",69551346405,Consolas y videojuegos>Consolas y videojuegos

https://jp.mercari.com/item/m44313691492,simple,1,0,visible,taxable,1,0,0,1,,Nintendo and other game consoles Nintendo Classic Mini Superfa ...,132.6 EUR,,https://jp.mercari.com/item/m44313691492,https://static.mercdn.net/item/detail/orig/photos/m44313691492_1.jpg,"Nintendo and other game consoles Nintendo Classic Mini Super Nintendo

Color: Gray
Portable / stationary type: stationary type

#Nintendo
#Nintendo

I don't use it anymore, but I can still use it
I'm honored if there is a new person who can get it (^^) ",44313691492,Consolas y videojuegos>Consolas y videojuegos

https://jp.mercari.com/item/m51756104637,simple,1,0,visible,taxable,1,0,0,1,,Super Mario Party Nintendo Switch,35.7 EUR,,https://jp.mercari.com/item/m51756104637,"https://static.mercdn.net/item/detail/orig/photos/m51756104637_1.jpg,https://static.mercdn.net/item/detail/orig/photos/m51756104637_2.jpg,https://static.mercdn.net/item/detail/orig/photos/m51756104637_3.jpg","The operation has been confirmed.
The package has some feeling of use, but there is no crack in the case.",51756104637,Consolas y videojuegos>Consolas y videojuegos

https://jp.mercari.com/item/m93878867868,simple,1,0,visible,taxable,1,0,0,1,,Nintendo NEW2DSLL Hagure Metal Edition,193.8 EUR,,https://jp.mercari.com/item/m93878867868,"https://static.mercdn.net/item/detail/orig/photos/m93878867868_1.jpg,https://static.mercdn.net/item/detail/orig/photos/m93878867868_2.jpg,https://static.mercdn.net/item/detail/orig/photos/m93878867868_3.jpg,https://static.mercdn.net/item/detail/orig/photos/m93878867868_4.jpg,https://static.mercdn.net/item/detail/orig/photos/m93878867868_5.jpg","Thank you very much for seeing it.

Nintendo NEW2DSLL
Handling metal edition
It is the body + software.

* There is no touch pen, memory card or charging adapter.

6th photo
There is a little crack around the power button.

Operation, voice confirmed
(We have not confirmed long play)

There are fine scratches on the body
It is hard to see in the photo.
If you are worried, please do not hesitate to comment on it from a different angle.

Only those who can understand that they are used goods
Please consider purchasing.

We will pack it carefully using a cushioning material and ship it with a BOX exclusively for Yu -Packet Plus.

Thank you.",93878867868,Consolas y videojuegos>Consolas y videojuegos

https://jp.mercari.com/item/m17827451742,simple,1,0,visible,taxable,1,0,0,1,,Doraemon Nobita's New Dinosaur Switch Nintendo Switch,30.6 EUR,,https://jp.mercari.com/item/m17827451742,"https://static.mercdn.net/item/detail/orig/photos/m17827451742_1.jpg,https://static.mercdn.net/item/detail/orig/photos/m17827451742_2.jpg,https://static.mercdn.net/item/detail/orig/photos/m17827451742_3.jpg,https://static.mercdn.net/item/detail/orig/photos/m17827451742_4.jpg","The operation has been confirmed ☆

It will be used goods that children played (^^)
Please understand in advance for fine scratches.



'Doraemon Nobita's new dinosaur'
Price: ¥ 5980

#Game #Adventure #nintendoswitch #nintendo_switch #Switch ",17827451742,Consolas y videojuegos>Consolas y videojuegos

https://jp.mercari.com/item/m68799853782,simple,1,0,visible,taxable,1,0,0,1,,Nintendo Nintendo Switch Pro controller,100.98 EUR,,https://jp.mercari.com/item/m68799853782,"https://static.mercdn.net/item/detail/orig/photos/m68799853782_1.jpg,https://static.mercdn.net/item/detail/orig/photos/m68799853782_2.jpg","Store seal sticker available 2022.10.7 Purchase
There is also a guarantee receipt, so it will take one year of manufacturer warranty.
It is new.
Immediate purchase

We will deliver anonymously with Yu Packet Plus.

* Returns / exchanges are not possible to prevent replacement.
* Please contact the manufacturer in case of initial defect without opening.

This is not possible to reduce the price


Nintendo Nintendo Switch Pro controller is new.

color: Black
Analog stick available
Game pad shape: pad
Game machine body type: Nintendo Switch
Transmission method: Wireless
Vibration function

#Nintendo
#Nintendo
Professional computer
Genuine ",68799853782,Consolas y videojuegos>Consolas y videojuegos

https://jp.mercari.com/item/m39616557771,simple,1,0,visible,taxable,1,0,0,1,,Nintendo Nintendo Switch Pro controller,51.0 EUR,,https://jp.mercari.com/item/m39616557771,"https://static.mercdn.net/item/detail/orig/photos/m39616557771_1.jpg,https://static.mercdn.net/item/detail/orig/photos/m39616557771_2.jpg","Nintendo Nintendo Switch Pro controller
There are scratches bitten by dogs in ZL and ZR.
There is no problem with the operation.

color: Black
Analog stick available
Game pad shape: pad
Game machine body type: Nintendo Switch
Transmission method: Wireless
Vibration function

#Nintendo
#Nintendo ",39616557771,Consolas y videojuegos>Consolas y videojuegos

https://jp.mercari.com/item/m97235612132,simple,1,0,visible,taxable,1,0,0,1,,Nintendo Game Boy Color Clear Bonus,54.98 EUR,,https://jp.mercari.com/item/m97235612132,"https://static.mercdn.net/item/detail/orig/photos/m97235612132_1.jpg,https://static.mercdn.net/item/detail/orig/photos/m97235612132_2.jpg,https://static.mercdn.net/item/detail/orig/photos/m97235612132_3.jpg,https://static.mercdn.net/item/detail/orig/photos/m97235612132_4.jpg,https://static.mercdn.net/item/detail/orig/photos/m97235612132_5.jpg","Nintendo Game Boy Color Clear

Nintendo GameBoy Color
Nintendo Game Boy Color
skeleton

※bonus
Tamagotchi Muschchi and False
Software (non -necessary)

I think there are relatively little scratches.

Cleaned
Operation has been confirmed

Please refer to the photo to check the status.
Please refrain from nervous ones because it will be used goods.

In addition, it will be shipped in simple packaging, so please purchase it after understanding.

#Nintendo
#Nintendo



Nintendo Game Boy Color Clear

Portable / stationary type: Portable type

#Nintendo
#Nintendo ",97235612132,Consolas y videojuegos>Consolas y videojuegos

https://jp.mercari.com/item/m28079424862,simple,1,0,visible,taxable,1,0,0,1,,Nintendo Switch Organic EL Switch Dog White,46.92 EUR,,https://jp.mercari.com/item/m28079424862,"https://static.mercdn.net/item/detail/orig/photos/m28079424862_1.jpg,https://static.mercdn.net/item/detail/orig/photos/m28079424862_2.jpg,https://static.mercdn.net/item/detail/orig/photos/m28079424862_3.jpg,https://static.mercdn.net/item/detail/orig/photos/m28079424862_4.jpg,https://static.mercdn.net/item/detail/orig/photos/m28079424862_5.jpg","I will exhibit it a little cheaper because the cover on the back has been lost.
I used it only once after purchasing.
It is a beautiful article.
There are no cables or AC adapters.",28079424862,Consolas y videojuegos>Consolas y videojuegos

https://jp.mercari.com/item/m23891339361,simple,1,0,visible,taxable,1,0,0,1,,What is it exclusively!Taiko no Master Nintendo Switch -Jon!,32.64 EUR,,https://jp.mercari.com/item/m23891339361,"https://static.mercdn.net/item/detail/orig/photos/m23891339361_1.jpg,https://static.mercdn.net/item/detail/orig/photos/m23891339361_2.jpg,https://static.mercdn.net/item/detail/orig/photos/m23891339361_3.jpg,https://static.mercdn.net/item/detail/orig/photos/m23891339361_4.jpg","Playing home has been kept several times.
Operation has been confirmed

Immediate purchase is OK!

'Taiko no Master Nintendo Switch Ba -Jon!'
BANDAI NAMCO Entertainment
Price: ¥ 6100

#BANDAI NAMCO Entertainment #Game #Nintendoswitch #nintendo_switch #Switch ",23891339361,Consolas y videojuegos>Consolas y videojuegos

https://jp.mercari.com/item/m74048980669,simple,1,0,visible,taxable,1,0,0,1,,Nintendo Wii Fit,153.0 EUR,,https://jp.mercari.com/item/m74048980669,"https://static.mercdn.net/item/detail/orig/photos/m74048980669_1.jpg,https://static.mercdn.net/item/detail/orig/photos/m74048980669_2.jpg,https://static.mercdn.net/item/detail/orig/photos/m74048980669_3.jpg,https://static.mercdn.net/item/detail/orig/photos/m74048980669_4.jpg,https://static.mercdn.net/item/detail/orig/photos/m74048980669_5.jpg","Wii set used goods



≪Note≫

Thank you for watching.

Please check the contents below before purchasing and bidding.

① About shipping

We try to ship as soon as possible, but we may have a date for shipping due to our circumstances.

② About the status of the product

Please be sure to check the product condition.

Because we often handle second -hand goods, please refrain from purchasing if you are interested.

③ About return / cancellation

Please refrain from canceling after purchase.

In the unlikely event that the product is arrived, please contact us if the status is significantly different from the product description.",74048980669,Consolas y videojuegos>Consolas y videojuegos

https://jp.mercari.com/item/m63377275307,simple,1,0,visible,taxable,1,0,0,1,,[First Bonus Card] Nintendo Switch Ultra Monster Monster Farm,22.95 EUR,,https://jp.mercari.com/item/m63377275307,https://static.mercdn.net/item/detail/orig/photos/m63377275307_1.jpg,"Exhibit because the card is not collected

New unopened
Ultra Monster Monster Farm This is an early purchase privilege of software.
Please note that there is no game software


Series ... Treka and others
Ultra Dimension Card Eleking Gomora & Gomora Red King Ultra ",63377275307,Consolas y videojuegos>Consolas y videojuegos

https://jp.mercari.com/item/m30233651383,simple,1,0,visible,taxable,1,0,0,1,,Nintendo Switch Ultra Monster Monster Far Void Terralium,100.98 EUR,,https://jp.mercari.com/item/m30233651383,https://static.mercdn.net/item/detail/orig/photos/m30233651383_1.jpg,"'Nintendo Switch Ultra Monster Monster Farm'
Price: ¥ 6100

#Game #Simulation #nintendoswitch #nintendo_switch #Switch

+ voice terrarium",30233651383,Consolas y videojuegos>Consolas y videojuegos

https://jp.mercari.com/item/m58128494241,simple,1,0,visible,taxable,1,0,0,1,,Mario Tennis Ace Switch Soft Nintendo Switch,27.54 EUR,,https://jp.mercari.com/item/m58128494241,"https://static.mercdn.net/item/detail/orig/photos/m58128494241_1.jpg,https://static.mercdn.net/item/detail/orig/photos/m58128494241_2.jpg,https://static.mercdn.net/item/detail/orig/photos/m58128494241_3.jpg","☆即購入歓迎
☆購入後のメッセージ不要
☆基本翌日発送
※長期発送ストップの場合はニックネームに記載致します。

【商品タイトル】
ニンテンドー
MARIO TENNIS
マリオテニス
Ace
エース
スイッチのソフトとなります。　
付属品　ソフト　ジャケット　ケース

【状態】
•動作確認済みです。
•多少のスレ傷などはございます。

【梱包】
クッションシートに包み茶封筒に入れての発送となります。

【発送方法】
らくらくメルカリ便
ゆうゆうメルカリ便
※基本的には匿名配送となりますが商品により変更する事もこざいます。
別の発送方法をご希望の場合はコメントにてご相談下さいませ。

上記をご理解頂ける方のご購入をよろしくお願い致します。16分前",58128494241,Consolas y videojuegos>Consolas y videojuegos

https://jp.mercari.com/item/m54994391400,simple,1,0,visible,taxable,1,0,0,1,,Nintendo Switch Nintendo Switch Disney Tsu ...,611.99 EUR,,https://jp.mercari.com/item/m54994391400,"https://static.mercdn.net/item/detail/orig/photos/m54994391400_1.jpg,https://static.mercdn.net/item/detail/orig/photos/m54994391400_2.jpg,https://static.mercdn.net/item/detail/orig/photos/m54994391400_3.jpg","Tsum Tsum Festival Set

* No software
Other [unused / unopened]


We will reduce the price only this month.



It is opened to use only the cassette.
There is no unused cassette.


It was kept without taking it out of the bag.
Since we have not inspected, we have not confirmed the initial failure.


Nintendo Switch Nintendo Switch Disney Tsum Tsum Festival Set

color: Character
Game machine body type: Nintendo Switch
Portable / stationary type: stationary type

#Nintendo
#Nintendo
#Tsum Tsum
#Switch
#Disney
#Limited ",54994391400,Consolas y videojuegos>Consolas y videojuegos

https://jp.mercari.com/item/m26789953696,simple,1,0,visible,taxable,1,0,0,1,,Nintendo Switch Ring Fit Set with peach iron,418.2 EUR,,https://jp.mercari.com/item/m26789953696,"https://static.mercdn.net/item/detail/orig/photos/m26789953696_1.jpg,https://static.mercdn.net/item/detail/orig/photos/m26789953696_2.jpg,https://static.mercdn.net/item/detail/orig/photos/m26789953696_3.jpg,https://static.mercdn.net/item/detail/orig/photos/m26789953696_4.jpg","Nintendo Switch Nintendo Switch Joy-Con Neon Blue/Neon Red

color: Black
Game machine body type: Nintendo Switch
Portable / stationary type: stationary type

We purchased in May 2021.
I will exhibit it because it is no longer used.
Although it is a beautiful product, it will be used, so if you understand it, please consider purchasing.

#Nintendo
#Nintendo
#Ring fit
#Momotaro Electric Railway",26789953696,Consolas y videojuegos>Consolas y videojuegos

https://jp.mercari.com/item/m63333777389,simple,1,0,visible,taxable,1,0,0,1,,Nintendo Nintendo Switch Case Black Nintendo Switch,8.16 EUR,,https://jp.mercari.com/item/m63333777389,"https://static.mercdn.net/item/detail/orig/photos/m63333777389_1.jpg,https://static.mercdn.net/item/detail/orig/photos/m63333777389_2.jpg,https://static.mercdn.net/item/detail/orig/photos/m63333777389_3.jpg,https://static.mercdn.net/item/detail/orig/photos/m63333777389_4.jpg","Thank you for watching.

★ Free shipping

★ New unused


Nintendo Switch Case Nintendo Switch Protection Case Nintendo Switch Case Carrying Case


It also supports Nintendo Switch Lite Nintendo Switch Light.
Nintendo Switch Light Case Nintendo Switch Lite case

Color: Black

Material: EVA material and nylon

Size: Approximately 26cmx13cm x6cm

★ The EVA material wet the switch and protects it from damage when falling.

★ High convenience
It is a double zipper specification, easy to take out from both left and right, and is easy to open and close. Recommended for travel and home storage.


Since the surface of the case is EVA material, it is excellent in shock absorption.

The inside is made of soft brushed material, protecting the Switch gently.

There is also a band for fixing the main unit, so it will be a countermeasure against falling.

JOY-CON can be stored while connected, and it is very useful to carry related items in a case where you can store and carry.


Because it is a double zipper, it can be opened and closed from either.


☆ Outstanding storage capacity ☆

Nintendo Switch body cable earphone Other accessories

The Switch itself is not included. ",63333777389,Consolas y videojuegos>Consolas y videojuegos

https://jp.mercari.com/item/m74771713404,simple,1,0,visible,taxable,1,0,0,1,,[New] Genuine Procon Nintendo Switch Pro controller,99.96 EUR,,https://jp.mercari.com/item/m74771713404,https://static.mercdn.net/item/detail/orig/photos/m74771713404_1.jpg,"Nintendo Switch Pro controller
Professional computer
! Domestic genuine, genuine product!

✨ New / unused item ✨
Put it in a bubble wrap, pack carefully, and ship it at the fastest and shortest!

❌ Price reduction is not possible ❌

⭕ For those who have been confirmed and convinced of the area that can arrive the next day
You can buy it without comments. ⭕

⚠ If you live in an area where you can not arrive the next day, please give a word before purchasing to prevent trouble. ⚠️


[Shipping time]
[Shipped from Yamato Transport or Seven -Eleven] so that you can reach it as soon as possible.

【weekday】
From 0:00 to 17:00 → During the day ❗️
23:59 from 17:00 → During the next day

【Saturdays, Sundays, and holidays】
From 0:00 to 16:00 → During the day ❗️
From 16:00 to 23:59 → During the next day

It will be shipped from the window of Yamato Seven -Eleven by [Easy Mercari Service], so we will arrive the next day depending on the area to be delivered.

* Payment is required for convenience store payments.

#Genuine
#Nintendo
#Nintendo
#switch
#Switch
#game
#Procon
#Brand new
#Professional
#Pro
#controller
#controller
#Switch controller
#Switch controller
#Switch controller
#Switch controller ",74771713404,Consolas y videojuegos>Consolas y videojuegos

https://jp.mercari.com/item/m12736776222,simple,1,0,visible,taxable,1,0,0,1,,Nintendo Switch Joy-Con L R R 2 set!gray,81.59 EUR,,https://jp.mercari.com/item/m12736776222,"https://static.mercdn.net/item/detail/orig/photos/m12736776222_1.jpg,https://static.mercdn.net/item/detail/orig/photos/m12736776222_2.jpg,https://static.mercdn.net/item/detail/orig/photos/m12736776222_3.jpg","Final price cut!

Immediate purchase OK! (No comment required!)

You can't reduce the price any further

It is a first -come -first -served basis!





Nintendo Switch Joy-Con (L) (R) 2 pieces



'Joy-Con' and 'Joy-Con (R)' are two sets.

Even if the body is one unit, depending on the software, it is possible to play with multiple people by bringing only 'Joy-Con'.











Nintendo Switch Joy-Con (L) (R) 2 pieces!

Two colors, gray and neon red

The color of the photo is all

There is no box etc.





Domestic genuine!

The operation has been confirmed and it works without any problems!

It is a beautiful product!





* The operation has been confirmed, but it may not work properly depending on the situation of the game console.

Operation guarantee is not possible.

This product is sold on the premise of the above status.

Thank you for your purchase after understanding in advance.









↓ Tap here to fly to an easy -to -read page!

#Kizu medicine DVD





#Nintendo #Nintendo #nintendo #Mario #Mario #Mario Kart #Luige #Pokemon #Kirby #Kirby #Pikmin #Switch #Switch #3DS #3DS #3ds #Switch #Nodsen #Conno Switch Sports #Sports #Ring Fit ",12736776222,Consolas y videojuegos>Consolas y videojuegos

https://jp.mercari.com/item/m68313130298,simple,1,0,visible,taxable,1,0,0,1,,Genuine ☆ Genuine Nintendo Switch Joycom Blue/Neon Yellow,89.76 EUR,,https://jp.mercari.com/item/m68313130298,https://static.mercdn.net/item/detail/orig/photos/m68313130298_1.jpg,"Thank you for visiting Nintendo Switch Joycon left and right set ☆ Of course Nintendo genuine, it has become a genuine product.
Joy-Con (L)/(R) Blue/Neon Yellow

color: Blue/Neon Yellow
Analog stick available
Game pad shape: remote control
Game machine body type: Nintendo Switch
Transmission method: Wireless
Vibration function

#Nintendo
#Nintendo
#Switch joycon
#Joycon
#Splatoon 3
#Zelda legend
#Zenoblade
#Procon
#Calling OL


Color ... Blue neon yellow ",68313130298,Consolas y videojuegos>Consolas y videojuegos

